{
    "masterVolume": 0.7934474349021912,
    "sfxVolume": 0.5847175121307373,
    "musicVolume": 0.2010573148727417
}