{
    "masterVolume": 0.7444714307785034,
    "sfxVolume": 0.4468057453632355,
    "musicVolume": 0.619576096534729
}